-- 既存データを一度きれいに削除（外部キー制約を一時的に無視して安全にクリアします）
SET FOREIGN_KEY_CHECKS = 0;
TRUNCATE TABLE stock_movements;
TRUNCATE TABLE stocks;
TRUNCATE TABLE products;
TRUNCATE TABLE accounts;
TRUNCATE TABLE permissions;
TRUNCATE TABLE notifications;
SET FOREIGN_KEY_CHECKS = 1;

-- ==========================================
-- 1. 権限テーブルのデータ
-- ==========================================
INSERT INTO permissions (permission) VALUES ('管理者'), ('一般ユーザー');

-- ==========================================
-- 2. アカウントテーブルのデータ
-- ==========================================
INSERT INTO accounts (id, name, birthday, password, permissions_id) VALUES 
('243722641', '山田 太郎', '19900101', 'password123', 1),
('222254674', '佐藤 花子', '19951231', 'password123', 2);

-- ==========================================
-- 3. 商品マスター（products）のデータ
-- ==========================================
INSERT INTO products (jan_code, product_name, base_product_id, case_quantity, photo_path, duration_days) VALUES 
('4933135111512', '純米大吟醸 匠 720ml', NULL, 1, '/images/takumi_720.jpg', 60),
('4935135111529', '純米大吟醸 匠 720ml 6本ケース', '4933135111512', 6, '/images/takumi_case.jpg', 60),
('4935135222119', '特別純米 山田錦 1800ml', NULL, 1, '/images/yamadanishiki_1800.jpg', 90),
('4906660101015', '本格芋焼酎 黒霧丸 900ml', NULL, 1, '/images/kuromaru_900.jpg', 180),
('4906660101022', '本格芋焼酎 黒霧丸 900ml 12本ケース', '4906660101015', 12, '/images/kuromaru_case.jpg', 180),
('4901777188884', 'ジャパニーズウイスキー 響き 700ml', NULL, 1, '/images/hibiki_700.jpg', 365),
('4901411044453', 'よなよなエール 350ml 缶', NULL, 1, '/images/yonayona_350.jpg', 45),
('4901411044460', 'よなよなエール 350ml 24本ケース', '4901411044453', 24, '/images/yonayona_case.jpg', 45),
('4973480611112', 'プレミアムシャトー甲州 750ml', NULL, 1, '/images/koshu_750.jpg', 120),
('4973480611129', 'プレミアムシャトー甲州 750ml 12本ケース', '4973480611112', 12, '/images/koshu_case.jpg', 120),
('4901777300010', 'クラフトジン 翠（SUI） 700ml', NULL, 1, '/images/sui_700.jpg', 365),
('4901411101118', 'こだわりレモンサワー 350ml', NULL, 1, '/images/lemon_350.jpg', 30),
('4901411101125', 'こだわりレモンサワー 350ml 24本ケース', '4901411101118', 24, '/images/lemon_case.jpg', 30),
('4901004033330', 'アサヒ ドライゼロ 350ml', NULL, 1, '/images/dryzero_350.jpg', 60),
('4901004033347', 'アサヒ ドライゼロ 350ml 24本ケース', '4901004033330', 24, '/images/dryzero_case.jpg', 60),
('4905846119996', '本格仕込み チョーヤ梅酒 720ml', NULL, 1, '/images/umeshu_720.jpg', 90),
('4901004006716', 'アサヒ スーパードライ 350ml 缶', NULL, 1, '/images/dry_350.jpg', 45),
('4901004006723', 'アサヒ スーパードライ 350ml 24本ケース', '4901004006716', 24, '/images/dry_case.jpg', 45),
('4901411157313', 'キリン 一番搾り 350ml 缶', NULL, 1, '/images/ichiban_350.jpg', 45),
('4901411157320', 'キリン 一番搾り 350ml 24本ケース', '4901411157313', 24, '/images/ichiban_case.jpg', 45),
('4901777251113', 'ザ・プレミアム・モルツ 350ml 缶', NULL, 1, '/images/premalt_350.jpg', 45),
('4901777251120', 'ザ・プレミアム・モルツ 350ml 24本ケース', '4901777251113', 24, '/images/premalt_case.jpg', 45),
('4901880851114', 'サッポロ 生ビール黒ラベル 350ml 缶', NULL, 1, '/images/black_350.jpg', 45),
('4901880851121', 'サッポロ 生ビール黒ラベル 350ml 24本ケース', '4901880851114', 24, '/images/black_case.jpg', 45),
('4932313111019', '八海山 特別本醸造 720ml', NULL, 1, '/images/hakkaisan_720.jpg', 90),
('4932313111026', '八海山 特別本醸造 720ml 12本ケース', '4932313111019', 12, '/images/hakkaisan_case.jpg', 90),
('4932313222012', '久保田 千寿 吟醸 1800ml', NULL, 1, '/images/kubota_1800.jpg', 90),
('4932313333015', '獺祭 純米大吟醸 磨き三割九分 720ml', NULL, 1, '/images/dassai_720.jpg', 60),
('4906660202019', '本格麦焼酎 いいちこ 25度 1800ml パック', NULL, 1, '/images/iichiko_1800.jpg', 180),
('4906660202026', '本格麦焼酎 いいちこ 25度 1800ml 6本ケース', '4906660202019', 6, '/images/iichiko_case.jpg', 180),
('4906660303013', '本格米焼酎 鳥飼 720ml', NULL, 1, '/images/torikai_720.jpg', 180),
('4973480722221', 'プレミアムシャトー勝沼 赤 750ml', NULL, 1, '/images/katsunuma_red.jpg', 120),
('4973480722238', 'プレミアムシャトー勝沼 赤 750ml 12本ケース', '4973480722221', 12, '/images/katsunuma_red_case.jpg', 120),
('3185370000335', 'モエ・エ・シャンドン アンペリアル 750ml', NULL, 1, '/images/moet_750.jpg', 365),
('5010103911117', 'ジョニーウォーカー ブラックラベル 12年 700ml', NULL, 1, '/images/johnnie_700.jpg', 365),
('0080686011110', 'メーカーズマーク 700ml', NULL, 1, '/images/makers_700.jpg', 365),
('4901411034560', 'キリン 氷結 シチリア産レモン 350ml', NULL, 1, '/images/hyoketsu_350.jpg', 30),
('4901411034577', 'キリン 氷結 シチリア産レモン 350ml 24本ケース', '4901411034560', 24, '/images/hyoketsu_case.jpg', 30),
('4901777192225', 'サントリー ほろよい 白いサワー 350ml', NULL, 1, '/images/horoyoi_350.jpg', 30),
('4901777192232', 'サントリー ほろよい 白いサワー 350ml 24本ケース', '4901777192225', 24, '/images/horoyoi_case.jpg', 30),
('4901777201118', 'サントリー 角ハイボール 350ml 缶', NULL, 1, '/images/kakuhigh_350.jpg', 45),
('4901777201125', 'サントリー 角ハイボール 350ml 24本ケース', '4901777201118', 24, '/images/kakuhigh_case.jpg', 45),
('5010677711116', 'ボンベイ・サファイア 47度 750ml', NULL, 1, '/images/bombay_750.jpg', 365),
('7312040017034', 'アブソルート ウォッカ 750ml', NULL, 1, '/images/absolut_750.jpg', 365);

-- ==========================================
-- 4. 在庫テーブル（stocks）のデータ
-- ==========================================
INSERT INTO stocks (jancode, stock_quantity, stores) VALUES 
('4933135111512', 24, 1),
('4935135222119', 15, 1),
('4906660101015', 60, 1),
('4901777188884', 8, 1),
('4901411044453', 120, 1),
('4973480611112', 36, 1),
('4901777300010', 12, 1),
('4901411101118', 360, 1),
('4901004033330', 48, 1),
('4905846119996', 5, 1),
('4901004006716', 120, 1),
('4901411157313', 96, 1),
('4901777251113', 48, 1),
('4901880851114', 72, 1),
('4932313111019', 24, 1),
('4932313222012', 12, 1),
('4932313333015', 8, 1),
('4906660202019', 30, 1),
('4906660303013', 6, 1),
('4973480722221', 18, 1),
('3185370000335', 5, 1),
('5010103911117', 10, 1),
('0080686011110', 12, 1),
('4901411034560', 144, 1),
('4901777192225', 72, 1),
('4901777201118', 168, 1),
('5010677711116', 4, 1),
('7312040017034', 6, 1);

-- ==========================================
-- 5. 入出庫テーブル（stock_movements）のデータ
-- ==========================================
INSERT INTO stock_movements (jancode, stock_id, reason, quantity, received_at, notify_at) VALUES 
('4933135111512', 1, '初回納品', 24, '2026-06-01', '2026-07-31'),
('4933135111512', 1, '通常出荷', -4, '2026-06-05', NULL),
('4935135222119', 2, '初回納品', 15, '2026-05-15', '2026-08-13'),
('4906660101015', 3, '初回納品', 48, '2026-04-01', '2026-09-28'),
('4906660101015', 3, '追加納品', 12, '2026-06-10', '2026-12-07'), 
('4901777188884', 4, '特別入荷', 10, '2026-01-10', '2027-01-10'),
('4901777188884', 4, '他店移動（出）', -2, '2026-03-15', NULL),
('4901411044453', 5, '定期納品', 120, '2026-06-15', '2026-07-30'),
('4973480611112', 6, '初回納品', 48, '2026-05-01', '2026-08-29'),
('4973480611112', 6, '通常出荷', -12, '2026-06-10', NULL),
('4901777300010', 7, '初回納品', 12, '2026-04-15', '2027-04-15'),
('4901411101118', 8, '定期納品', 240, '2026-06-01', '2026-07-01'),
('4901411101118', 8, '追加納品', 120, '2026-06-12', '2026-07-12'),
('4901004033330', 9, '初回納品', 48, '2026-05-20', '2026-07-19'),
('4905846119996', 10, '長期保管品', 5, '2025-10-31', '2026-01-29'),
('4901004006716', 11, '定期納品', 120, '2026-06-01', '2026-07-16'),
('4901411157313', 12, '定期納品', 96, '2026-06-02', '2026-07-17'),
('4901777251113', 13, '定期納品', 48, '2026-06-05', '2026-07-20'),
('4901880851114', 14, '定期納品', 72, '2026-06-05', '2026-07-20'),
('4932313111019', 15, '初回納品', 24, '2026-05-20', '2026-08-18'),
('4932313222012', 16, '初回納品', 12, '2026-05-20', '2026-08-18'),
('4932313333015', 17, '限定入荷', 8, '2026-06-10', '2026-08-09'),
('4906660202019', 18, '初回納品', 30, '2026-04-01', '2026-09-28'),
('4906660303013', 19, '初回納品', 6, '2026-04-15', '2026-10-12'),
('4973480722221', 20, '初回納品', 24, '2026-05-10', '2026-09-07'),
('4973480722221', 20, '通常出荷', -6, '2026-06-12', NULL),
('3185370000335', 21, '初回納品', 5, '2026-06-01', '2027-06-01'),
('5010103911117', 22, '初回納品', 10, '2026-05-15', '2027-05-15'),
('0080686011110', 23, '初回納品', 12, '2026-05-15', '2027-05-15'),
('4901411034560', 24, '定期納品', 144, '2026-06-15', '2026-07-15'),
('4901777192225', 25, '定期納品', 72, '2026-06-15', '2026-07-15'),
('4901777201118', 26, '定期納品', 168, '2026-06-10', '2026-07-25'),
('5010677711116', 27, '初回納品', 4, '2026-05-01', '2027-05-01'),
('7312040017034', 28, '初回納品', 6, '2026-05-01', '2027-05-01');

-- ==========================================
-- 6. 通知ログのデータ
-- ==========================================
INSERT INTO notifications (message, is_read, is_deleted) VALUES 
('【期限超過】商品「本格仕込み チョーヤ梅酒 720ml」(JAN: 4905846119996) の通知日を過ぎています。(通知日: 2026-01-29)', 0, 0),
('【期限通知】商品「ジャパニーズウイスキー 響き 700ml」(JAN: 4901777188884) の通知日になりました。(通知日: 2026-04-01)', 1, 0),
('【期限通知】商品「純米大吟醸 匠 720ml」(JAN: 4933135111512) の通知日になりました。(通知日: 2026-06-10)', 1, 0),
('【期限切迫】商品「こだわりレモンサワー 350ml」(JAN: 4901411101118) の通知日が近づいています。(通知予定日: 2026-07-01)', 0, 0);